{
  "metrics": {
    "base_relu": {
      "mae": 0.17269140481948853,
      "rmse": 0.22972689050794698,
      "r2": 0.999903678894043,
      "mape_percent_price_gt_1": 1.86865234375
    },
    "base_tanh": {
      "mae": 0.11316170543432236,
      "rmse": 0.16541060548190514,
      "r2": 0.9999500513076782,
      "mape_percent_price_gt_1": 1.2877951860427856
    },
    "base_silu": {
      "mae": 0.10774939507246017,
      "rmse": 0.15816837682702212,
      "r2": 0.999954342842102,
      "mape_percent_price_gt_1": 1.2487852573394775
    }
  },
  "relative_reduction_vs_relu_percent": {
    "base_tanh": {
      "mae": 34.47172107227431,
      "rmse": 27.996846552805682,
      "mape_percent_price_gt_1": 31.084281656241835
    },
    "base_silu": {
      "mae": 37.60581472767053,
      "rmse": 31.14938504704543,
      "mape_percent_price_gt_1": 33.17187857247844
    }
  }
}
