{
  "base_relu": {
    "mae": 0.17269140481948853,
    "rmse": 0.22972689050794698,
    "r2": 0.999903678894043,
    "mape_percent_price_gt_1": 1.86865234375
  },
  "moneyness_relu": {
    "mae": 0.15417072176933289,
    "rmse": 0.20929869962482864,
    "r2": 0.9999200701713562,
    "mape_percent_price_gt_1": 1.666968822479248
  },
  "relative_reduction_percent": {
    "mae": 10.72472777062356,
    "rmse": 8.892381226224654,
    "mape_percent_price_gt_1": 10.792993246995035
  }
}
