{
  "metrics": {
    "base_relu": {
      "mae": 0.17269140481948853,
      "rmse": 0.22972689050794698,
      "r2": 0.999903678894043,
      "mape_percent_price_gt_1": 1.86865234375
    },
    "moneyness_relu": {
      "mae": 0.15417072176933289,
      "rmse": 0.20929869962482864,
      "r2": 0.9999200701713562,
      "mape_percent_price_gt_1": 1.666968822479248
    },
    "base_silu": {
      "mae": 0.10774939507246017,
      "rmse": 0.15816837682702212,
      "r2": 0.999954342842102,
      "mape_percent_price_gt_1": 1.2487852573394775
    },
    "moneyness_silu": {
      "mae": 0.10254494100809097,
      "rmse": 0.15168924832525163,
      "r2": 0.9999579787254333,
      "mape_percent_price_gt_1": 1.3213086128234863
    }
  },
  "relative_reduction_vs_base_relu_percent": {
    "moneyness_relu": {
      "mae": 10.72472777062356,
      "rmse": 8.892381226224654,
      "mape_percent_price_gt_1": 10.792993246995035
    },
    "base_silu": {
      "mae": 37.60581472767053,
      "rmse": 31.14938504704543,
      "mape_percent_price_gt_1": 33.17187857247844
    },
    "moneyness_silu": {
      "mae": 40.619545532518245,
      "rmse": 33.96974642809427,
      "mape_percent_price_gt_1": 29.290827304350664
    }
  }
}
