{
  "mae": 0.088821478006634,
  "rmse": 0.15790186868176595,
  "r2": 0.9999513355216346,
  "mape_percent_price_gt_1": 0.6483135955335606
}