{
  "config": {
    "n_samples": 5000,
    "seeds": [
      11,
      42,
      73
    ],
    "noise_levels": [
      0.0,
      0.01,
      0.05
    ],
    "feature_set": "with_moneyness",
    "test_size": 0.2,
    "c": 100.0,
    "epsilon": 0.01,
    "gamma": "scale",
    "price_floor": 1.0,
    "noise_seed_offset": 10000
  },
  "runs": [
    {
      "seed": 11,
      "noise_level": 0.0,
      "n_samples": 5000,
      "test_samples": 1000,
      "metrics_vs_clean": {
        "mae": 0.15205148627423545,
        "rmse": 0.23218429357340006,
        "r2": 0.9999100646670168,
        "mape_percent_price_gt_1": 1.8397270599941187
      },
      "metrics_vs_noisy": {
        "mae": 0.15205148627423545,
        "rmse": 0.23218429357340006,
        "r2": 0.9999100646670168,
        "mape_percent_price_gt_1": 1.8397270599941187
      },
      "noise_summary": {
        "mean_noise": 0.0,
        "mean_abs_noise": 0.0,
        "std_noise": 0.0,
        "clipped_fraction": 0.0
      },
      "fit_time_seconds": 5.807873769997968,
      "prediction_time_seconds": 0.015492808000999503,
      "total_time_seconds": 5.823366577998968
    },
    {
      "seed": 42,
      "noise_level": 0.0,
      "n_samples": 5000,
      "test_samples": 1000,
      "metrics_vs_clean": {
        "mae": 0.143048760225985,
        "rmse": 0.22457830077442725,
        "r2": 0.9999043428462338,
        "mape_percent_price_gt_1": 1.5761781601026081
      },
      "metrics_vs_noisy": {
        "mae": 0.143048760225985,
        "rmse": 0.22457830077442725,
        "r2": 0.9999043428462338,
        "mape_percent_price_gt_1": 1.5761781601026081
      },
      "noise_summary": {
        "mean_noise": 0.0,
        "mean_abs_noise": 0.0,
        "std_noise": 0.0,
        "clipped_fraction": 0.0
      },
      "fit_time_seconds": 6.431344594995608,
      "prediction_time_seconds": 0.015823497000383213,
      "total_time_seconds": 6.447168091995991
    },
    {
      "seed": 73,
      "noise_level": 0.0,
      "n_samples": 5000,
      "test_samples": 1000,
      "metrics_vs_clean": {
        "mae": 0.15754409972035813,
        "rmse": 0.23624608605405847,
        "r2": 0.9999004167545561,
        "mape_percent_price_gt_1": 2.059973839535357
      },
      "metrics_vs_noisy": {
        "mae": 0.15754409972035813,
        "rmse": 0.23624608605405847,
        "r2": 0.9999004167545561,
        "mape_percent_price_gt_1": 2.059973839535357
      },
      "noise_summary": {
        "mean_noise": 0.0,
        "mean_abs_noise": 0.0,
        "std_noise": 0.0,
        "clipped_fraction": 0.0
      },
      "fit_time_seconds": 5.44449976800388,
      "prediction_time_seconds": 0.019109435997961555,
      "total_time_seconds": 5.463609204001841
    },
    {
      "seed": 11,
      "noise_level": 0.01,
      "n_samples": 5000,
      "test_samples": 1000,
      "metrics_vs_clean": {
        "mae": 0.19157274579139016,
        "rmse": 0.2934974610348358,
        "r2": 0.9998562945071932,
        "mape_percent_price_gt_1": 1.7646717182837568
      },
      "metrics_vs_noisy": {
        "mae": 0.29360631420545397,
        "rmse": 0.4444088386229096,
        "r2": 0.9996709076368281,
        "mape_percent_price_gt_1": 2.137388818851477
      },
      "noise_summary": {
        "mean_noise": -0.0014465642128868405,
        "mean_abs_noise": 0.1856358874792745,
        "std_noise": 0.3217791193458482,
        "clipped_fraction": 0.0262
      },
      "fit_time_seconds": 26.66065886100114,
      "prediction_time_seconds": 0.039302530996792484,
      "total_time_seconds": 26.69996139199793
    },
    {
      "seed": 42,
      "noise_level": 0.01,
      "n_samples": 5000,
      "test_samples": 1000,
      "metrics_vs_clean": {
        "mae": 0.1981864423840825,
        "rmse": 0.32643585015466614,
        "r2": 0.9997978947626763,
        "mape_percent_price_gt_1": 1.8360094272119467
      },
      "metrics_vs_noisy": {
        "mae": 0.2958730339937044,
        "rmse": 0.47891309269568405,
        "r2": 0.9995649749269967,
        "mape_percent_price_gt_1": 2.180007999389558
      },
      "noise_summary": {
        "mean_noise": -0.011234369776487866,
        "mean_abs_noise": 0.1835149578035753,
        "std_noise": 0.32905659576491864,
        "clipped_fraction": 0.0276
      },
      "fit_time_seconds": 33.569823336998525,
      "prediction_time_seconds": 0.03847818299982464,
      "total_time_seconds": 33.60830151999835
    },
    {
      "seed": 73,
      "noise_level": 0.01,
      "n_samples": 5000,
      "test_samples": 1000,
      "metrics_vs_clean": {
        "mae": 0.18876747172133423,
        "rmse": 0.3030151983313042,
        "r2": 0.9998361728578001,
        "mape_percent_price_gt_1": 2.010714674298033
      },
      "metrics_vs_noisy": {
        "mae": 0.27415717690618285,
        "rmse": 0.4373241503391031,
        "r2": 0.9996601077803572,
        "mape_percent_price_gt_1": 2.3292737735067894
      },
      "noise_summary": {
        "mean_noise": -3.2855333710024583e-06,
        "mean_abs_noise": 0.1839441660921723,
        "std_noise": 0.32734126809977226,
        "clipped_fraction": 0.0284
      },
      "fit_time_seconds": 32.528733499995724,
      "prediction_time_seconds": 0.03766507799446117,
      "total_time_seconds": 32.566398577990185
    },
    {
      "seed": 11,
      "noise_level": 0.05,
      "n_samples": 5000,
      "test_samples": 1000,
      "metrics_vs_clean": {
        "mae": 0.5834444964526216,
        "rmse": 1.0520950131015827,
        "r2": 0.9981533924996728,
        "mape_percent_price_gt_1": 3.299179891321396
      },
      "metrics_vs_noisy": {
        "mae": 1.1549724327290938,
        "rmse": 1.948793570231725,
        "r2": 0.9937227798029784,
        "mape_percent_price_gt_1": 5.56786647433705
      },
      "noise_summary": {
        "mean_noise": -0.006920069405176253,
        "mean_abs_noise": 0.9278666857371147,
        "std_noise": 1.60888999787545,
        "clipped_fraction": 0.0356
      },
      "fit_time_seconds": 31.11175905399432,
      "prediction_time_seconds": 0.062456484003632795,
      "total_time_seconds": 31.174215537997952
    },
    {
      "seed": 42,
      "noise_level": 0.05,
      "n_samples": 5000,
      "test_samples": 1000,
      "metrics_vs_clean": {
        "mae": 0.5602963625671348,
        "rmse": 1.1015812249760166,
        "r2": 0.9976984791049046,
        "mape_percent_price_gt_1": 3.4146486430125633
      },
      "metrics_vs_noisy": {
        "mae": 1.140260039312614,
        "rmse": 2.0764641779771313,
        "r2": 0.9918554609862937,
        "mape_percent_price_gt_1": 5.677980477157775
      },
      "noise_summary": {
        "mean_noise": -0.05588440663074096,
        "mean_abs_noise": 0.9172873467661781,
        "std_noise": 1.6452877201339011,
        "clipped_fraction": 0.037
      },
      "fit_time_seconds": 29.076711075002095,
      "prediction_time_seconds": 0.07080228599807015,
      "total_time_seconds": 29.147513361000165
    },
    {
      "seed": 73,
      "noise_level": 0.05,
      "n_samples": 5000,
      "test_samples": 1000,
      "metrics_vs_clean": {
        "mae": 0.5418163558481371,
        "rmse": 0.9980337586213551,
        "r2": 0.9982227542073088,
        "mape_percent_price_gt_1": 3.756924971343371
      },
      "metrics_vs_noisy": {
        "mae": 1.0439394699166928,
        "rmse": 1.8323352272334426,
        "r2": 0.9941465685290962,
        "mape_percent_price_gt_1": 5.836239511075134
      },
      "noise_summary": {
        "mean_noise": 0.0002796736969588409,
        "mean_abs_noise": 0.9194247290970478,
        "std_noise": 1.6366997960296585,
        "clipped_fraction": 0.0372
      },
      "fit_time_seconds": 30.098322669997287,
      "prediction_time_seconds": 0.08151063799596159,
      "total_time_seconds": 30.17983330799325
    }
  ],
  "summary": {
    "0.00": {
      "clean_mae": {
        "mean": 0.15088144874019285,
        "std": 0.007318159443301619
      },