{
  "mae": 0.0619787834584713,
  "rmse": 0.08218503059459481,
  "r2": 0.9999874234199524,
  "mape_percent_price_gt_1": 0.6746048331260681
}