{
  "mae": 0.04289555922150612,
  "rmse": 0.06208079538235526,
  "r2": 0.9999927878379822,
  "mape_percent_price_gt_1": 0.48025041818618774
}